"Density_cate","Month","sd","n","Cover","se","hj","CoverNew"
"High",0,4.21416939148932,23,11.5717329778967,0.878715061403655,11.571733,-2.21033431557771e-08
"High",12,13.6600435456882,24,28.7340907320971,2.78834471259457,11.571733,17.1623577320971
"High",24,16.7654729199764,23,53.2692315048411,3.49584276229864,11.571733,41.6974985048411
"Low",0,2.41131499230592,68,3.00586607338824,0.292414894409199,3.005866,7.33882430381527e-08
"Low",12,6.81934173899079,68,7.24752096496428,0.826966655501242,3.005866,4.24165496496428
"Low",24,10.6541752332129,68,10.9563273690916,1.29200852471696,3.005866,7.95046136909163
